<?xml version="1.0" encoding="UTF-8" ?>
<!DOCTYPE configuration
        PUBLIC "-//mybatis.org//DTD Config 3.0//EN"
        "http://mybatis.org/dtd/mybatis-3-config.dtd">

<configuration>

    <properties resource="db.properties"/>

    <settings>
        <!--当返回行的所有列都是空时，MyBatis默认返回null-->
        <setting name="returnInstanceForEmptyRow" value="true"/>
    </settings>

    <typeAliases>
        <package name="com.hust.bean"/>
    </typeAliases>

    <environments default="development">

        <environment id="development">
            <!--使用了 JDBC 的提交和回滚设置，它依赖于从数据源得到的连接来管理事务作用域-->
            <transactionManager type="JDBC"/>
            <!--使用数据池，复用实例-->
            <dataSource type="POOLED">
                <!--<property name="driver" value="com.mysql.jdbc.Driver"/>-->
                <property name="driver" value="${jdbc.driver}"/>
                <property name="url" value="${jdbc.url}"/>
                <property name="username" value="${jdbc.username}"/>
                <property name="password" value="${jdbc.password}"/>
            </dataSource>
        </environment>
    </environments>

    <!-- 将包内的映射器接口实现全部注册为映射器 -->
    <mappers>
        <package name="com.hust.mapper"/>
    </mappers>
</configuration>