<?xml version="1.0" encoding="UTF-8"?>
<!DOCTYPE mapper
        PUBLIC "-//mybatis.org//DTD Mapper 3.0//EN"
        "http://mybatis.org/dtd/mybatis-3-mapper.dtd">
<mapper  namespace="com.hust.mapper.UserGovernActivityMapper">
    <select id="selectByUserIdAndActivityId" resultType="UserGovernActivity">
        select * from tbl_userGovernActivity where userId = #{userId} and governActivityId = #{activityId};
    </select>

    <insert id="insertUserGovernActivityById">
        insert into tbl_userGovernActivity(userId, governActivityId)
        values (#{userId}, #{activityId});
    </insert>

    <delete id="deleteUserGovernActivityById">
        delete from tbl_userGovernActivity where userId = #{userId} and governActivityId = #{activityId};
    </delete>

    <select id="selectUserGovernActivityByUserId" parameterType="Integer" resultType="Integer">
        select governActivityId from tbl_userGovernActivity where userId = #{userId};
    </select>

    <select id="selectUserGovernActivityByActivityId" parameterType="Integer" resultType="Integer">
        select userId from tbl_userGovernActivity where governActivityId = #{activityId};
    </select>

    <delete id="deleteRecordByActivityId" parameterType="Integer">
        delete from tbl_userGovernActivity where governActivityId = #{activityId};
    </delete>
</mapper>
