<?xml version="1.0" encoding="UTF-8"?>
<!DOCTYPE mapper
        PUBLIC "-//mybatis.org//DTD Mapper 3.0//EN"
        "http://mybatis.org/dtd/mybatis-3-mapper.dtd">
<mapper  namespace="com.hust.mapper.Activity1Mapper">

    <select id="selectEnrollActivity" resultType="Activity1">
        select * from tbl_activity1 a1,
         tbl_userEnrollActivity uE
        where a1.id = uE.enrollActivityId and uE.userId = #{id};
    </select>
    
    <select id="selectActivityListByIdList" parameterType="List" resultType="Activity1">
        select * from tbl_activity1
        where id in
        <foreach collection="list" item="item" open = "(" separator="," close=")" >
            #{item}
        </foreach>
    </select>

    <insert id="insertActivity1" parameterType="Activity1">
        insert into tbl_activity1(
        orgId,
        imageHead,
        type,
        title,
        content,
        avtivityStartTime,
        activityEndTime,
        enrollEndTime,
        address,
        longitude,
        latitude,
        activityKey,
        currentPersonNum) values (
        #{orgId},
        #{imageHead},
        #{type},
        #{title},
        #{content},
        #{avtivityStartTime},
        #{activityEndTime},
        #{enrollEndTime},
        #{address},
        #{longitude},
        #{latitude},
        #{activityKey},
        #{currentPersonNum});
    </insert>

    <insert id="insertActivity2" parameterType="Activity2">
        insert into tbl_activity2(id,
        isName,
        isGender,
        isAge,
        isPhone,
        isCorporation,
        personLimit) values (#{id},
        #{isName},
        #{isGender},
        #{isAge},
        #{isPhone},
        #{isCorporation},
        #{personLimit});
    </insert>

    <select id="selectActivityById" parameterType="Integer" resultType="Activity1">
        select * from tbl_activity1 where id = #{id};
    </select>

    <select id="getActivityId" resultType="Integer">
        select max(id) from tbl_activity1;
    </select>
    
    <update id="updateActivity2" parameterType="Activity2">
        update tbl_activity2 set
        isName = #{isName},
        isGender = #{isGender},
        isAge = #{isAge},
        isPhone = #{isPhone},
        isCorporation = #{isCorporation},
        personLimit = #{personLimit}
        where id = #{id};
    </update>

    <update id="updateActivity1" parameterType="Activity1">
        update tbl_activity1 set
        orgId = #{orgId},
        imageHead = #{imageHead},
        type = #{type},
        title = #{title},
        content = #{content},
        avtivityStartTime = #{avtivityStartTime},
        activityEndTime = #{activityEndTime},
        enrollEndTime = #{enrollEndTime},
        address = #{address},
        latitude = #{latitude},
        activityKey = #{activityKey},
        currentPersonNum = #{currentPersonNum}
        where id = #{id};
    </update>

    <delete id="deleteActivity1" parameterType="Integer">
        delete from tbl_activity1 where id = #{activityId}
    </delete>

    <delete id="deleteActivity2" parameterType="Integer">
        delete from tbl_activity2 where id = #{activityId}
    </delete>

    <select id="getAll" resultType="Activity1">
        select * from tbl_activity1
    </select>
</mapper>