<?xml version="1.0" encoding="UTF-8"?>
<!DOCTYPE mapper
        PUBLIC "-//mybatis.org//DTD Mapper 3.0//EN"
        "http://mybatis.org/dtd/mybatis-3-mapper.dtd">
<mapper  namespace="com.hust.mapper.UserGovernOrgMapper">

    <select id="selectUserGovernOrgByUserId" parameterType="Integer" resultType="Integer">
        select governOrgId from tbl_userGovernOrg where userId = #{userId};
    </select>

    <select id="selectUserGovernOrgByOrgId" parameterType="Integer" resultType="Integer">
        select userId from tbl_userGovernOrg where governOrgId = #{orgId};
    </select>

    <insert id="insertUserGovernOrg">
        insert into tbl_userGovernOrg(userId, governOrgId) values (#{userId}, #{orgId});
    </insert>

    <delete id="deleteUserGovernOrg">
        delete from tbl_userGovernOrg where userId = #{userId} and governOrgId = #{orgId};
    </delete>
</mapper>
