<?xml version="1.0" encoding="UTF-8"?>
<!DOCTYPE mapper
        PUBLIC "-//mybatis.org//DTD Mapper 3.0//EN"
        "http://mybatis.org/dtd/mybatis-3-mapper.dtd">
<mapper  namespace="com.hust.mapper.Activity1Mapper">

    <select id="selectEnrollActivity" resultType="Activity1">
        select * from tbl_activity1 a1,
         tbl_userEnrollActivity uE
        where a1.id = uE.enrollActivityId and uE.userId = #{id};
    </select>
    
    <select id="selectActivityListByIdList" parameterType="List" resultType="Activity1">
        select * from tbl_activity1
        where id in
        <foreach collection="list" item="item" open = "(" separator="," close=")" >
            #{item}
        </foreach>
    </select>

    <insert id="insertActivity1" parameterType="Activity1">
        insert into tbl_activity1(
        orgId,
        imageHead,
        type,
        title,
        content,
        avtivityStartTime,
        activityEndTime,
        enrollEndTime,
        address,
        longitude,
        latitude,
        activityKey,
        currentPersonNum,
        imageList,
        phone,
        isPublic) values (
        #{orgId},
        #{imageHead},
        #{type},
        #{title},
        #{content},
        #{avtivityStartTime},
        #{activityEndTime},
        #{enrollEndTime},
        #{address},
        #{longitude},
        #{latitude},
        #{activityKey},
        #{currentPersonNum},
        #{imageList},
        #{phone},
        #{isPublic});
    </insert>

    <insert id="insertActivity2" parameterType="Activity2">
        insert into tbl_activity2(id,
        isName,
        isGender,
        isAge,
        isPhone,
        isCorporation,
        personLimit) values (#{id},
        #{isName},
        #{isGender},
        #{isAge},
        #{isPhone},
        #{isCorporation},
        #{personLimit});
    </insert>

    <select id="selectActivityById" parameterType="Integer" resultType="Activity1">
        select * from tbl_activity1 where id = #{id};
    </select>

    <select id="getActivityId" resultType="Integer">
        select max(id) from tbl_activity1;
    </select>
    
    <update id="updateActivity2" parameterType="Activity2">
        update tbl_activity2 set
        isName = #{isName},
        isGender = #{isGender},
        isAge = #{isAge},
        isPhone = #{isPhone},
        isCorporation = #{isCorporation},
        personLimit = #{personLimit}
        where id = #{id};
    </update>

    <update id="updateActivity1" parameterType="Activity1">
        update tbl_activity1 set
        orgId = #{orgId},
        imageHead = #{imageHead},
        type = #{type},
        title = #{title},
        content = #{content},
        avtivityStartTime = #{avtivityStartTime},
        activityEndTime = #{activityEndTime},
        enrollEndTime = #{enrollEndTime},
        address = #{address},
        latitude = #{latitude},
        activityKey = #{activityKey},
        currentPersonNum = #{currentPersonNum},
        imageList = #{imageList},
        phone = #{phone},
        isPublic = #{isPublic}
        where id = #{id};
    </update>

    <update id="updateCurrentPersonNum">
       update tbl_activity1 set currentPersonNum = currentPersonNum +  1;
    </update>

    <update id="updateCurrentPersonNum1">
       update tbl_activity1 set currentPersonNum = currentPersonNum -  1;
    </update>

    <delete id="deleteActivity1" parameterType="Integer">
        delete from tbl_activity1 where id = #{activityId}
    </delete>

    <delete id="deleteActivity2" parameterType="Integer">
        delete from tbl_activity2 where id = #{activityId}
    </delete>

    <select id="getAll" resultType="Activity1">
        select * from tbl_activity1
    </select>

    <select id="selectActivity2ById" resultType="Activity2">
        select * from tbl_activity2 where id = #{activityId};
    </select>

    <select id="selectOrgCreateOrgByOrgId" parameterType="Integer" resultType="Activity1">
        select * from tbl_activity1, tbl_userCreateOrg, tbl_userLaunchActivity
         where tbl_userCreateOrg.createOrgId = #{orgId}
         and tbl_userCreateOrg.userId = tbl_userLaunchActivity.userId
         and tbl_userLaunchActivity.launchActivityId = tbl_activity1.id;
    </select>

    <select id="selectAllActivity" resultType="Activity1">
        select * from tbl_activity1;
    </select>

    <select id="selectActivityByOrgId" parameterType="Integer" resultType="Activity1">
        select * from tbl_activity1 where orgId = #{orgId};
    </select>

    <select id="selectAllOrgByActivityId" parameterType="Integer" resultType="Organization">
        select * from tbl_org, tbl_activity1
        where tbl_org.id = tbl_activity1.orgId
        and tbl_activity1.id = #{activityId};
    </select>
</mapper>