<?xml version="1.0" encoding="UTF-8"?>
<!DOCTYPE mapper
        PUBLIC "-//mybatis.org//DTD Mapper 3.0//EN"
        "http://mybatis.org/dtd/mybatis-3-mapper.dtd">
<mapper  namespace="com.hust.mapper.OrganizationMapper">

    <select id="selectOrgById" parameterType="Integer" resultType="Organization">
        select * from tbl_org where id = #{orgId}
    </select>

    <update id="updateOrg" parameterType="Organization">
        update tbl_org set
        image = #{image},
        introduction = #{introduction},
        name = #{name},
        address = #{address},
        phone = #{phone}
        where id = #{id}
    </update>
    
    <update id="updateCreator">
        update tbl_org set creatorId = #{creatorId} where id = #{orgId};
    </update>

    <select id="selectOrgByCreatorId" parameterType="Integer" resultType="Organization">
        select * from tbl_org where creatorId = #{creatorId};
    </select>


    <select id="selectOrgByIdList" parameterType="List" resultType="Organization">
        select * from tbl_org where id in
        <foreach collection="list" item="item" open = "(" separator="," close=")" >
            #{item}
        </foreach>
    </select>

    <delete id="deleteOrgById" parameterType="Integer">
        delete from tbl_org where id = #{orgId};
    </delete>

    <insert id="insertOrg" parameterType="Organization">
        insert into tbl_org (image, introduction, name, address, phone)
        values (#{image}, #{introduction}, #{name}, #{address}, #{phone});
    </insert>

    <select id="selectAllOrg" resultType="Organization">
        select * from tbl_org;
    </select>

    <select id="getOrgId" resultType="Integer">
        select max(id) from tbl_org;
    </select>
 </mapper>