<?xml version="1.0" encoding="UTF-8"?>
<!DOCTYPE mapper
        PUBLIC "-//mybatis.org//DTD Mapper 3.0//EN"
        "http://mybatis.org/dtd/mybatis-3-mapper.dtd">
<mapper  namespace="com.hust.mapper.UserMapper">
    <insert id="insertUser" parameterType="User">
        insert ignore into tbl_user(openid, name, avatarUrl, gender)
        values (#{openid}, #{name}, #{avatarUrl}, #{gender});
    </insert>

    <select id="selectUserByOpenId" parameterType="User" resultType="Integer">
        select * from tbl_user where openid = #{openid};
    </select>

    <update id="updateUser" parameterType="User">
        update tbl_user
        set id = #{id}, name = #{name}, gender = #{gender}, age = #{age}, phone = #{phone}, school = #{school} where id = #{id};
    </update>

    <select id="selectUserById" parameterType="Integer" resultType="User">
        select * from tbl_user where id = #{id};
    </select>

    <select id="selectUserByIdList" parameterType="List" resultType="User">
        select * from tbl_user where id in
        <foreach collection="list" item="item" open = "(" separator="," close=")" >
            #{item}
        </foreach>
    </select>

    <select id="selectAllUser" resultType="User">
        select * from tbl_user;
    </select>

    <delete id="deleteUserByIdList" parameterType="List">
        delete  from tbl_user
        where id in
        <foreach collection="list" item="item" open = "(" separator="," close=")" >
            #{item}
        </foreach>
    </delete>
</mapper>