<?xml version="1.0" encoding="UTF-8"?>
<!DOCTYPE mapper
        PUBLIC "-//mybatis.org//DTD Mapper 3.0//EN"
        "http://mybatis.org/dtd/mybatis-3-mapper.dtd">
<mapper  namespace="com.hust.mapper.UserEnrollOrgMapper">

    <select id="selectOrgIdByUserId" parameterType="Integer" resultType="Integer">
        select enrollOrgId from tbl_userEnrollOrg where userId = #{userId};
    </select>

    <select id="selectUserEnrollOrgByOrgId" parameterType="Integer" resultType="Integer">
        select userId from tbl_userEnrollOrg where enrollOrgId = #{orgId};
    </select>

    <delete id="deleteUserEnrollOrg">
        delete from tbl_userEnrollOrg where userId = #{userId} and enrollOrgId = #{orgId};
    </delete>
    
    <insert id="insertUserEnrollOrg">
        insert into tbl_userEnrollOrg(userId, enrollOrgId) values (#{userId}, #{orgId});
    </insert>

    <delete id="deleteUserEnrollOrgByOrgId" parameterType="Integer">
        delete from tbl_userEnrollOrg where enrollOrgId = #{orgId};
    </delete>
</mapper>
