<?xml version="1.0" encoding="UTF-8"?>
<!DOCTYPE mapper
        PUBLIC "-//mybatis.org//DTD Mapper 3.0//EN"
        "http://mybatis.org/dtd/mybatis-3-mapper.dtd">
<mapper  namespace="com.hust.mapper.UserLaunchActivityMapper">
    <select id="selectByUserIdAndActivityId" resultType="UserLaunchActivity">
        select * from tbl_userLaunchActivity where userId = #{userId} and launchActivityId = #{activityId};
    </select>

    <insert id="userLaunchActivityMapper">
        insert into tbl_userLaunchActivity(userId, launchActivityId)
        values (#{userId}, #{activityId});
    </insert>

    <select id="selectActivityIdByUserID" parameterType="Integer" resultType="Integer">
        select launchActivityId from tbl_userLaunchActivity where userId = #{userId};
    </select>

    <delete id="deleteRecordByActivityId" parameterType="Integer">
        delete from tbl_userLaunchActivity where launchActivityId = #{activityId};
    </delete>

    <select id="selectUserLaunchActivityById" parameterType="Integer" resultType="Integer">
        select launchActivityId from tbl_userLaunchActivity where userId = #{userId};
    </select>

    <select id="selectUserLaunchActivityByActivityId" parameterType="Integer" resultType="Integer">
        select userId from tbl_userLaunchActivity where launchActivityId = #{activityId};
    </select>
</mapper>
