<?xml version="1.0" encoding="UTF-8"?>
<!DOCTYPE mapper
        PUBLIC "-//mybatis.org//DTD Mapper 3.0//EN"
        "http://mybatis.org/dtd/mybatis-3-mapper.dtd">
<mapper  namespace="com.hust.mapper.UserCreateOrgMapper">

    <delete id="deleteUserCreateOrgByOrgId" parameterType="Integer">
        delete from tbl_userCreateOrg where createOrgId = #{orgId};
    </delete>

    <select id="selectUserCreateOrgByUserId" parameterType="Integer" resultType="Integer">
        select createOrgId from tbl_userCreateOrg where  userId = #{userId};
    </select>

    <select id="selectUserCreateOrgByOrgId" parameterType="Integer" resultType="Integer">
        select userId from tbl_userCreateOrg where createOrgId = #{orgId};
    </select>

    <insert id="insertUserCreateOrg">
        insert into tbl_userCreateOrg(userId, createOrgId)
        values (#{userId}, #{orgId});
    </insert>

    <update id="updateCreator">
        update tbl_userCreateOrg set userId = #{userId} where createOrgId = #{orgId};
    </update>
</mapper>
