<?xml version="1.0" encoding="UTF-8"?>
<!DOCTYPE mapper
        PUBLIC "-//mybatis.org//DTD Mapper 3.0//EN"
        "http://mybatis.org/dtd/mybatis-3-mapper.dtd">
<mapper  namespace="com.hust.mapper.UserConcernActivityMapper">

    <select id="countAll" parameterType="Integer" resultType="Integer">
         SELECT COUNT(userId) FROM tbl_userConcernActivity WHERE concernActityId=#{activityId};
    </select>

    <select id="selectByUserIdAndActivityID" resultType="UserConcernActivity">
        select * from tbl_userConcernActivity where userId = #{userId} and concernActityId = #{activityId};
    </select>

    <insert id="insertUserConcernActivity">
        insert into  tbl_userConcernActivity (userId, concernActityId)
        values (#{userId}, #{activityId});
    </insert>

    <delete id="delectUserConcernActivity">
        delete from tbl_userConcernActivity where userId = #{userId} and concernActityId = #{activityId};
    </delete>

    <select id="selectUserConcernActivity" parameterType="Integer" resultType="Integer">
        select concernActityId from tbl_userConcernActivity where userId = #{userId};
    </select>

    <select id="selectUserConcernActivityByActivityId" parameterType="Integer" resultType="Integer">
        select userId from tbl_userConcernActivity where concernActityId = #{activityId};
    </select>

    <delete id="deleteRecordByActivityId" parameterType="Integer">
        delete from tbl_userConcernActivity where concernActityId = #{activityId};
    </delete>
</mapper>