<?xml version="1.0" encoding="UTF-8"?>
<!DOCTYPE mapper
        PUBLIC "-//mybatis.org//DTD Mapper 3.0//EN"
        "http://mybatis.org/dtd/mybatis-3-mapper.dtd">
<mapper  namespace="com.hust.mapper.UserEnrollActivityMapper">
    <select id="selectUserEnrollActivityById" resultType="UserEnrollActivity">
        select * from tbl_userEnrollActivity where enrollActivityId = #{activityId};
    </select>

    <select id="selectUserIdByActivityId" parameterType="Integer" resultType="Integer" >
        select userId from tbl_userEnrollActivity where enrollActivityId = #{activityId};
    </select>

    <select id="selectByUserIdAndActivityId" resultType="UserEnrollActivity">
        select * from tbl_userEnrollActivity where userId = #{userId} and enrollActivityId = #{activityId};
    </select>

    <delete id="deleteRecordByActivityId" parameterType="Integer">
        delete from tbl_userEnrollActivity where enrollActivityId = #{activityId};
    </delete>

    <insert id="InsertUserEnrollActivity">
        insert into tbl_userEnrollActivity(userId, enrollActivityId) values
        (#{userId}, #{activityId})
    </insert>


    <delete id="deleteUserEnrollActivity">
        delete from tbl_userEnrollActivity where
        userId = #{userId} and enrollActivityId = #{activityId}
    </delete>

    <select id="selectUserEnrollActivityByUserId" parameterType="Integer" resultType="Integer">
        select enrollActivityId from tbl_userEnrollActivity
        where userId = #{userId}
    </select>

    <update id="deleteCommentById">
        update tbl_userEnrollActivity set comment = null
        where userId = #{userId} and enrollActivityId = #{activityId}
    </update>
</mapper>