<?xml version="1.0" encoding="UTF-8"?>
<beans xmlns="http://www.springframework.org/schema/beans"
       xmlns:xsi="http://www.w3.org/2001/XMLSchema-instance"
       xmlns:context="http://www.springframework.org/schema/context"
       xsi:schemaLocation="http://www.springframework.org/schema/beans http://www.springframework.org/schema/beans/spring-beans.xsd http://www.springframework.org/schema/context http://www.springframework.org/schema/context/spring-context.xsd">

    <!-- 读取db.properties -->
    <context:property-placeholder location="classpath:db.properties"/>

    <!--开启组件扫描，一次性扫描指定目录下的所有文件，spring会把类(类被打上@Component("name")标签)当做组件扫描-->
    <context:component-scan base-package="com.hust.bean"/>
    <context:component-scan base-package="com.hust.service"/>

    <!-- 配置c3p0连接池 -->
    <bean name="dataSource" class="com.mchange.v2.c3p0.ComboPooledDataSource">
        <property name="driverClass" value="${jdbc.driver}"/>
        <property name="jdbcUrl" value="${jdbc.url}"/>
        <property name="user" value="${jdbc.username}"/>
        <property name="password" value="${jdbc.password}"/>
    </bean>

    <!-- 配置mybatis sqlSessionFactory -->
    <bean id="SqlSessionFactoryBean" class="org.mybatis.spring.SqlSessionFactoryBean">
        <!-- 配置数据源  -->
        <property name="dataSource" ref="dataSource"/>
        <!-- 告诉spring mybatis的核心配置文件 -->
        <property name="configLocation" value="classpath:Mybatis-config.xml"/>
    </bean>

    <bean id="sqlSession" class="org.mybatis.spring.SqlSessionTemplate">
        <constructor-arg index="0" ref="SqlSessionFactoryBean" />
    </bean>

    <!-- mapper动态扫描开发 -->
    <bean class="org.mybatis.spring.mapper.MapperScannerConfigurer">
        <property name="basePackage" value="com.hust.mapper"/>
    </bean>
</beans>